Priority #,Wave,Pillar / Cluster,Working Title,Primary Keyword,Est. US Vol/mo,Intent,Content Type,Target Slug,Internal Links (Up | Side | Money/Home),Key Entities to Include
1,1 Foundation,P1 Money Hub,Email Marketing for Peptide Brands: The Complete 2026 Guide,email marketing for peptide brands,~0 whitespace,BOFU,Pillar,email-marketing-for-peptide-brands,Home | #7 #11 #12 | Home + Booking,"peptide, GLP-1, Sendlane, Klaviyo, FDA, 21 CFR 201.128, flows, deliverability"
2,1 Foundation,P2 Platforms,Best Email Marketing Platforms for Peptide & Supplement Brands (2026),best email platform for supplements,~50 (est.),BOFU,Pillar,best-email-platforms-peptide-supplement-brands,#1 | #7 #8 #9 | #12 Home,"Sendlane, Klaviyo, Omnisend, Mailchimp, FluentCRM, high-risk"
3,1 Foundation,P3 Compliance,FDA Compliance for Peptide & GLP-1 Email Marketing: Complete Guide,peptide fda compliance,~30 (est.),MOFU,Pillar,fda-compliance-peptide-email-marketing,#1 | #13 #36 #39 | #12,"FDA, FDCA, 21 CFR 201.128, disease claims, structure/function, COA"
4,1 Foundation,P4 Flows,Email Flows Every Peptide & Supplement Store Needs,email flows for ecommerce,~50 (est.),MOFU,Pillar,email-flows-peptide-supplement-store,#1 | #56 #57 #60 | #12,"welcome flow, abandoned cart, replenishment, winback, Sendlane"
5,1 Foundation,P5 Substance,Marketing Peptide & GLP-1 Brands: The Compliant Growth Playbook,how to market peptides,~20,TOFU,Pillar,how-to-market-peptide-glp1-brands,#1 | #73 #74 #83 | #12,"peptide, GLP-1, tirzepatide, semaglutide, compliance, retention"
6,1 Foundation,P6 Deliverability,Email Deliverability for High-Risk & Peptide Senders: Complete Guide,email deliverability,1000,MOFU,Pillar,email-deliverability-high-risk-peptide-senders,#1 | #94 #95 #97 | #12,"SPF, DKIM, DMARC, dedicated IP, subdomain, domain warm-up, sender reputation"
7,1 Foundation,P2 Platforms,Will Klaviyo Ban a Peptide Store? What Actually Happens,klaviyo peptides,~0 whitespace,BOFU,Guide,will-klaviyo-ban-peptide-store,#2 | #8 #9 #34 | #12 Home,"Klaviyo, acceptable use policy, peptide, suspension, Sendlane"
8,1 Foundation,P2 Platforms,Why Klaviyo & Omnisend Ban Peptide Brands (and What to Use Instead),klaviyo alternatives,390,BOFU,Guide,why-klaviyo-omnisend-ban-peptide-brands,#2 | #7 #9 #20 | #12,"Klaviyo, Omnisend, Sendlane, high-risk ecommerce, peptide"
9,1 Foundation,P2 Platforms,Sendlane for Peptide & High-Risk Ecommerce: Why It Survives,sendlane,480,BOFU,Guide,sendlane-peptide-high-risk-ecommerce,#2 | #7 #8 #26 | #12 Home,"Sendlane, high-risk, deliverability, peptide, Shopify"
10,1 Foundation,P2 Comparison,Klaviyo vs Sendlane for Peptide Ecommerce (2026),sendlane vs klaviyo,20,BOFU,Comparison,klaviyo-vs-sendlane-peptide-ecommerce,#2 | #9 #16 #24 | #12,"Klaviyo, Sendlane, segmentation, pricing, high-risk, peptide"
11,1 Foundation,P1 Money Hub,How to Sell Peptides Online Without Losing Your Payment Processor,selling peptides online,90,BOFU,Guide,sell-peptides-online-without-losing-payment-processor,#1 | #29 #51 #9 | Home + Booking,"payment processor, high-risk merchant account, Shopify, compliance, peptide"
12,1 Foundation,P1 Money Hub,Done-for-You Peptide Email Marketing: What It Includes,peptide email marketing agency,~0 whitespace,BOFU,Money page,done-for-you-peptide-email-marketing,#1 | #11 #89 #92 | Home + Booking,"done-for-you, Sendlane, compliant copy, flows, isolated subdomains"
13,1 Foundation,P3 Compliance,21 CFR 201.128: What Intended Use Means for Peptide Marketing,21 cfr 201.128,30,MOFU,Reference,21-cfr-201-128-intended-use-peptide-marketing,#3 | #37 #38 #39 | #12,"21 CFR 201.128, intended use, FDCA, drug definition, FDA"
14,1 Foundation,P1 Reference,The Peptide Email Marketing Glossary (Entities A–Z),peptide email marketing terms,~0 whitespace,TOFU,Reference,peptide-email-marketing-glossary,#1 | links to ALL pillars | #12,"all core entities: substances, platforms, regulations, deliverability terms"
15,1 Foundation,P2/P6 Infra,Self-Hosted Email for Peptide Brands: SMTP + FluentCRM Explained,self hosted email marketing,20,BOFU,Guide,self-hosted-email-peptide-brands-fluentcrm,#2 #6 | #24 #33 #35 | #12,"self-hosted SMTP, FluentCRM, Mautic, Sendy, Amazon SES, deliverability"
16,2 Commercial,P2 Comparison,Klaviyo vs Omnisend for Peptide & Supplement Brands (2026),omnisend vs klaviyo,260,BOFU,Comparison,klaviyo-vs-omnisend-peptide-supplement-brands,#2 | #10 #17 #18 | #12,"Klaviyo, Omnisend, SMS, segmentation, pricing, peptide"
17,2 Commercial,P2 Comparison,Klaviyo vs Mailchimp for Supplement & Peptide Brands,klaviyo vs mailchimp,~200 (est.),BOFU,Comparison,klaviyo-vs-mailchimp-supplement-peptide-brands,#2 | #16 #22 #10 | #12,"Klaviyo, Mailchimp, automation, deliverability, supplement"
18,2 Commercial,P2 Comparison,Sendlane vs Omnisend for High-Risk Ecommerce,sendlane vs omnisend,~20 (est.),BOFU,Comparison,sendlane-vs-omnisend-high-risk-ecommerce,#2 | #10 #16 #9 | #12,"Sendlane, Omnisend, high-risk, SMS, pricing"
19,2 Commercial,P2 Comparison,Klaviyo vs ActiveCampaign for Supplement Brands,klaviyo vs activecampaign,~150 (est.),BOFU,Comparison,klaviyo-vs-activecampaign-supplement-brands,#2 | #16 #17 #27 | #12,"Klaviyo, ActiveCampaign, automation, CRM, supplement"
20,2 Commercial,P2 Platforms,Best Klaviyo Alternatives for High-Risk & Peptide Brands (2026),klaviyo alternatives,390,BOFU,Listicle,best-klaviyo-alternatives-high-risk-peptide-brands,#2 | #8 #21 #9 | #12,"Klaviyo, Sendlane, Omnisend, FluentCRM, self-hosted, high-risk"
21,2 Commercial,P2 Platforms,Best Omnisend Alternatives for Peptide & Supplement Ecommerce,omnisend alternatives,~150 (est.),BOFU,Listicle,best-omnisend-alternatives-peptide-supplement,#2 | #20 #8 #27 | #12,"Omnisend, Sendlane, Klaviyo, high-risk, peptide"
22,2 Commercial,P2 Platforms,Can You Use Mailchimp for Peptides or Supplements?,mailchimp supplements,~100 (est.),BOFU,Guide,can-you-use-mailchimp-peptides-supplements,#2 | #7 #23 #17 | #12,"Mailchimp, acceptable use, supplements, peptide, suspension"
23,2 Commercial,P2 Platforms,Can You Use Shopify Email for a Peptide Store?,shopify email peptides,~40 (est.),BOFU,Guide,shopify-email-peptide-store,#2 | #22 #9 #35 | #12,"Shopify Email, Shopify, peptide, deliverability, Sendlane"
24,2 Commercial,P2 Comparison,FluentCRM vs Klaviyo: Self-Hosted Email for Regulated Brands,fluentcrm vs klaviyo,~50 (est.),BOFU,Comparison,fluentcrm-vs-klaviyo-regulated-brands,#2 | #15 #33 #10 | #12,"FluentCRM, Klaviyo, self-hosted, WordPress, deliverability"
25,2 Commercial,P2 Platforms,Klaviyo Pricing for Supplement Brands: Is It Worth It?,klaviyo pricing,2400,MOFU,Guide,klaviyo-pricing-supplement-brands,#2 | #26 #20 #8 | #12,"Klaviyo, pricing, contacts, SMS, ROI"
26,2 Commercial,P2 Platforms,Sendlane Pricing & Plans for Peptide Ecommerce,sendlane pricing,20,BOFU,Guide,sendlane-pricing-peptide-ecommerce,#2 | #9 #25 #10 | #12,"Sendlane, pricing, plans, SMS, high-risk"
27,2 Commercial,P2 Platforms,Best Email Marketing Platform for Supplement Brands (Ranked),email marketing for supplement brands,~0 whitespace,BOFU,Listicle,best-email-platform-supplement-brands,#2 | #20 #21 #2 | #12,"Sendlane, Klaviyo, Omnisend, ActiveCampaign, supplement, DSHEA"
28,2 Commercial,P2 Platforms,Best Email Service for High-Risk Ecommerce (2026),high risk email marketing,~50 (est.),BOFU,Listicle,best-email-service-high-risk-ecommerce,#2 | #9 #29 #30 | #12,"high-risk, Sendlane, deliverability, merchant account, peptide"
29,2 Commercial,P1/P2 Money,High-Risk Merchant Accounts for Peptide Brands: What You Need,high risk merchant account,1900,MOFU,Guide,high-risk-merchant-accounts-peptide-brands,#1 #2 | #11 #51 #28 | Home + Booking,"high-risk merchant account, payment processor, chargebacks, peptide, compliance"
30,2 Commercial,P2 Platforms,Which Email Platforms Allow Peptides & Research Chemicals?,email platform peptides allowed,~0 whitespace,BOFU,Listicle,email-platforms-that-allow-peptides,#2 | #7 #22 #9 | #12,"Sendlane, Klaviyo, Omnisend, acceptable use, research chemical"
31,2 Commercial,P5/P2 Substance,Email Marketing for GLP-1 & Weight-Loss Brands: Platforms & Rules,GLP-1 email marketing,~0 whitespace,BOFU,Guide,glp1-weight-loss-email-marketing,#5 #2 | #83 #54 #74 | #12,"GLP-1, semaglutide, tirzepatide, FDA, advertising rules, Sendlane"
32,2 Commercial,P2/P7 Audience,Best CRM for Compounding Pharmacies & Telehealth,crm for compounding pharmacy,~50 (est.),BOFU,Listicle,best-crm-compounding-pharmacy-telehealth,#2 | #89 #90 #43 | #12,"CRM, compounding pharmacy, telehealth, 503A, 503B, FluentCRM"
33,2 Commercial,P6 Comparison,Mautic vs FluentCRM vs Sendy: Self-Hosted Options Compared,self hosted email options,~30 (est.),MOFU,Comparison,mautic-vs-fluentcrm-vs-sendy,#6 | #15 #24 #35 | #12,"Mautic, FluentCRM, Sendy, self-hosted SMTP, Amazon SES"
34,2 Commercial,P2 Platforms,Klaviyo Account Suspended for Supplements? Recovery Options,klaviyo account suspended,~100 (est.),BOFU,Guide,klaviyo-account-suspended-supplements,#2 | #7 #8 #100 | #12,"Klaviyo, suspension, list export, migration, Sendlane"
35,2 Commercial,P6/P2 Infra,"Amazon SES for Peptide Brands: Pros, Cons & Setup",amazon ses ecommerce,~100 (est.),MOFU,Guide,amazon-ses-peptide-brands,#6 #2 | #15 #33 #95 | #12,"Amazon SES, SMTP, deliverability, warm-up, self-hosted"
36,3 Compliance,P3 Compliance,FDA Warning Letters to Peptide Sellers: Patterns & Lessons,fda warning letter peptides,~0 whitespace,MOFU,Analysis,fda-warning-letters-peptide-sellers,#3 | #13 #37 #39 | #12,"FDA, Warning Letter, disease claims, 21 CFR 201.128, peptide"
37,3 Compliance,P3 Compliance,Disease Claims vs Structure/Function Claims in Email,structure function claims,~200 (est.),MOFU,Guide,disease-claims-vs-structure-function-claims,#3 | #13 #44 #39 | #12,"disease claim, structure/function claim, DSHEA, FDA, FTC"
38,3 Compliance,P3 Compliance,Research Use Only Language: How to Use It Correctly in Marketing,research use only,~200 (est.),MOFU,Guide,research-use-only-language-marketing,#3 | #50 #36 #13 | #12,"research use only, research peptide, intended use, FDA, disclaimer"
39,3 Compliance,P3 Compliance,Compliant Email Copy for Peptides: Words to Avoid,compliant peptide copy,~0 whitespace,BOFU,Guide,compliant-peptide-email-copy-words-to-avoid,#3 | #52 #53 #37 | #12,"compliant copy, disease claim, subject line, FDA, peptide"
40,3 Compliance,P3/P5,How to Write a Tirzepatide Education Email (Compliant),tirzepatide email,~0 whitespace,BOFU,How-to,compliant-tirzepatide-education-email,#3 #5 | #41 #73 #64 | #12,"tirzepatide, GLP-1, education email, compliant copy, structure/function"
41,3 Compliance,P3/P5,How to Write a Semaglutide Email Without an FDA Claim,semaglutide marketing,70,BOFU,How-to,semaglutide-email-without-fda-claim,#3 #5 | #40 #74 #64 | #12,"semaglutide, GLP-1, compounded, FDA claim, compliant copy"
42,3 Compliance,P3 Compliance,Certificate of Analysis (COA) Emails: Building Trust Compliantly,certificate of analysis peptides,~100 (est.),MOFU,Guide,coa-emails-peptide-trust,#3 | #91 #48 #64 | #12,"Certificate of Analysis, COA, third-party testing, trust, research peptide"
43,3 Compliance,P3/P7,503A vs 503B Compounding: What It Means for Your Marketing,503a vs 503b,~500 (est.),MOFU,Guide,503a-vs-503b-compounding-marketing,#3 | #89 #32 #74 | #12,"503A, 503B, compounding pharmacy, FDA, compounded semaglutide"
44,3 Compliance,P3 Compliance,DSHEA & Supplement Email Marketing: The Rules,dshea supplement marketing,~100 (est.),MOFU,Guide,dshea-supplement-email-marketing-rules,#3 | #37 #45 #27 | #12,"DSHEA, dietary supplement, structure/function, FDA, FTC"
45,3 Compliance,P3 Compliance,FTC Rules for Supplement & Peptide Email Claims,ftc supplement claims,~100 (est.),MOFU,Guide,ftc-rules-supplement-peptide-email-claims,#3 | #44 #47 #37 | #12,"FTC, substantiation, testimonials, disclaimers, supplement"
46,3 Compliance,P3 Compliance,Can You Email About Peptides for Weight Loss? The Legal Line,peptide weight loss marketing,~50 (est.),BOFU,Guide,peptide-weight-loss-email-legal-line,#3 | #54 #31 #83 | #12,"GLP-1, weight loss, disease claim, FDA, obesity"
47,3 Compliance,P3 Compliance,Testimonials & Reviews in Peptide Email: What's Allowed,supplement testimonials compliance,~50 (est.),MOFU,Guide,testimonials-reviews-peptide-email-compliance,#3 | #45 #67 #42 | #12,"testimonials, FTC, endorsement guides, disclaimer, review"
48,3 Compliance,P3 Compliance,Building a Compliance Review Workflow for Email,email compliance review,~30 (est.),MOFU,Guide,email-compliance-review-workflow,#3 | #55 #49 #39 | #12,"compliance review, approval workflow, review-before-send, audit"
49,3 Compliance,P3 Compliance,Peptide Marketing Compliance Checklist (Free),peptide marketing compliance,~0 whitespace,BOFU,Lead magnet,peptide-marketing-compliance-checklist,#3 | #39 #48 #36 | #12 + Opt-in,"compliance checklist, disease claim, 21 CFR 201.128, COA, FTC"
50,3 Compliance,P3/P5,How to Market Research Peptides Without Making Drug Claims,research peptides marketing,~0 whitespace,BOFU,Guide,market-research-peptides-without-drug-claims,#3 #5 | #38 #84 #36 | #12,"research peptide, research use only, drug claim, intended use, FDA"
51,3 Compliance,P3/P1,What Triggers a Payment Processor to Freeze a Peptide Brand,payment processor freeze,~50 (est.),MOFU,Guide,payment-processor-freeze-peptide-brand,#3 #1 | #29 #11 #36 | Home + Booking,"payment processor, high-risk, chargebacks, disease claim, merchant account"
52,3 Compliance,P3/P4,Subject Lines That Won't Trigger FDA or Spam Filters for Peptides,compliant subject lines,~50 (est.),BOFU,Guide,compliant-peptide-email-subject-lines,#3 #4 | #39 #99 #64 | #12,"subject line, spam filter, disease claim, deliverability, compliant copy"
53,3 Compliance,P3 Compliance,Disclaimers & Footers for Peptide Emails: Templates,peptide email disclaimer,~30 (est.),MOFU,Template,peptide-email-disclaimer-footer-templates,#3 | #38 #47 #39 | #12,"disclaimer, research use only, footer, unsubscribe, compliance"
54,3 Compliance,P3/P5,GLP-1 Advertising Rules: What Brands Can and Can't Say,glp-1 advertising rules,~50 (est.),MOFU,Guide,glp1-advertising-rules-brands,#3 #5 | #46 #31 #83 | #12,"GLP-1, semaglutide, tirzepatide, FDA, FTC, advertising"
55,3 Compliance,P3 Compliance,Audit-Ready Email Archives: Documentation for Regulators,email compliance documentation,~0 whitespace,MOFU,Guide,audit-ready-email-archives-peptide,#3 | #48 #49 #42 | #12,"audit trail, documentation, archive, FDA, recordkeeping"
56,4 Flows,P4 Flows,The Peptide Brand Welcome Email Sequence (Template),welcome email flow,10,MOFU,Template,peptide-welcome-email-sequence,#4 | #57 #64 #71 | #12,"welcome flow, onboarding, education, compliant copy, Sendlane"
57,4 Flows,P4 Flows,Abandoned Cart Emails for Peptide & Supplement Stores,abandoned cart email,720,MOFU,How-to,abandoned-cart-emails-peptide-supplement,#4 | #58 #56 #52 | #12,"abandoned cart, checkout, urgency, compliant copy, Shopify"
58,4 Flows,P4 Flows,Browse Abandonment Flow for Supplement Ecommerce,browse abandonment flow,~100 (est.),MOFU,How-to,browse-abandonment-flow-supplement-ecommerce,#4 | #57 #66 #71 | #12,"browse abandonment, segmentation, product view, flow, retention"
59,4 Flows,P4 Flows,Post-Purchase Education Flow for Peptide Buyers,post purchase email flow,30,MOFU,How-to,post-purchase-education-flow-peptides,#4 | #60 #64 #42 | #12,"post-purchase, education, COA, retention, compliant copy"
60,4 Flows,P4 Flows,Replenishment & Reorder Flows for Peptides (4–8 Week Cycles),replenishment email flow,~100 (est.),MOFU,How-to,replenishment-reorder-flows-peptides,#4 | #59 #65 #61 | #12,"replenishment, reorder cycle, subscription, LTV, retention"
61,4 Flows,P4 Flows,Winback Emails for Lapsed Peptide Customers,winback email,40,MOFU,How-to,winback-emails-lapsed-peptide-customers,#4 | #60 #62 #56 | #12,"winback, re-engagement, lapsed customer, suppression, LTV"
62,4 Flows,P4 Flows,VIP & Loyalty Flows for High-LTV Peptide Buyers,vip email flow,~30 (est.),MOFU,How-to,vip-loyalty-flows-high-ltv-peptide,#4 | #61 #66 #60 | #12,"VIP, loyalty, LTV, segmentation, retention"
63,4 Flows,P4 Flows,Product Launch Email Sequence for a New Peptide,product launch email sequence,~100 (est.),MOFU,How-to,product-launch-email-sequence-peptide,#4 | #68 #69 #86 | #12,"launch sequence, teaser, waitlist, compliant copy, back-in-stock"
64,4 Flows,P4 Flows,The Peptide Education Email Series (Retention Engine),education email series,~50 (est.),MOFU,How-to,peptide-education-email-series,#4 | #56 #59 #40 | #12,"education series, retention, compliant copy, structure/function, trust"
65,4 Flows,P4/P5,Subscription & Auto-Ship Emails for GLP-1 Brands,subscription email flow,~50 (est.),MOFU,How-to,subscription-auto-ship-emails-glp1,#4 #5 | #60 #83 #31 | #12,"subscription, auto-ship, GLP-1, retention, LTV"
66,4 Flows,P4 Flows,Cross-Sell & Stack Emails for Peptide Protocols,cross sell email,~50 (est.),MOFU,How-to,cross-sell-stack-emails-peptide-protocols,#4 | #86 #62 #78 | #12,"cross-sell, stack, protocol, bundle, AOV"
67,4 Flows,P4/P3,Review-Request Flow That Stays Compliant,review request email,~50 (est.),MOFU,How-to,compliant-review-request-flow-peptide,#4 #3 | #47 #59 #42 | #12,"review request, FTC, testimonials, compliant copy, trust"
68,4 Flows,P4 Flows,Back-in-Stock Emails for Peptide Restocks,back in stock email,~100 (est.),MOFU,How-to,back-in-stock-emails-peptide-restocks,#4 | #63 #69 #57 | #12,"back-in-stock, restock, waitlist, urgency, inventory"
69,4 Flows,P4 Flows,Weekly Campaign Calendar for Peptide Brands,email campaign calendar,~100 (est.),MOFU,Guide,weekly-campaign-calendar-peptide-brands,#4 | #70 #72 #63 | #12,"campaign calendar, promo, cadence, segmentation, compliant copy"
70,4 Flows,P4 Flows,Flows vs Campaigns: Where Peptide Revenue Actually Comes From,flows vs campaigns,~100 (est.),MOFU,Guide,flows-vs-campaigns-peptide-revenue,#4 | #69 #4 #71 | #12,"flows, campaigns, automation, email-attributed revenue, retention"
71,4 Flows,P4 Flows,Segmentation for Peptide Email Lists (Beginner to Advanced),email segmentation ecommerce,~200 (est.),MOFU,Guide,segmentation-peptide-email-lists,#4 | #58 #62 #72 | #12,"segmentation, RFM, LTV, suppression, deliverability"
72,4 Flows,P4 Flows,How Many Emails Should a Peptide Brand Send?,email frequency ecommerce,~100 (est.),MOFU,Guide,how-many-emails-peptide-brand-send,#4 | #69 #71 #99 | #12,"email frequency, cadence, engagement, deliverability, list hygiene"
73,5 Substance,P5 Substance,How to Build & Market a Tirzepatide Brand Compliantly,tirzepatide brand marketing,~0 whitespace,BOFU,Guide,build-market-tirzepatide-brand,#5 | #40 #74 #83 | #12,"tirzepatide, GLP-1, compounded, FDA, compliant copy, brand"
74,5 Substance,P5 Substance,How to Market Compounded Semaglutide (Compliant Playbook),compounded semaglutide marketing,~0 whitespace,BOFU,Guide,market-compounded-semaglutide,#5 | #41 #43 #73 | #12,"compounded semaglutide, 503A, 503B, GLP-1, FDA, telehealth"
75,5 Substance,P5 Substance,Marketing Retatrutide: What Brands Can Say in 2026,retatrutide marketing,~0 whitespace,BOFU,Guide,marketing-retatrutide-brands,#5 | #73 #74 #50 | #12,"retatrutide, GLP-1, research peptide, FDA, compliant copy"
76,5 Substance,P5 Substance,Selling BPC-157 Online: Marketing & Compliance Guide,bpc-157 marketing,~0 whitespace,BOFU,Guide,selling-bpc-157-online-marketing,#5 | #77 #50 #84 | #12,"BPC-157, research peptide, research use only, FDA, recovery"
77,5 Substance,P5 Substance,TB-500 Brand Marketing: Positioning & Email Angles,tb-500 marketing,~0 whitespace,BOFU,Guide,tb-500-brand-marketing,#5 | #76 #78 #84 | #12,"TB-500, research peptide, positioning, compliant copy, stack"
78,5 Substance,P5 Substance,CJC-1295 / Ipamorelin Brands: How to Market the Stack,cjc-1295 ipamorelin marketing,~0 whitespace,BOFU,Guide,cjc-1295-ipamorelin-stack-marketing,#5 | #79 #66 #77 | #12,"CJC-1295, ipamorelin, growth-hormone secretagogue, stack, research peptide"
79,5 Substance,P5 Substance,Sermorelin & Growth-Hormone Peptides: Marketing Guide,sermorelin marketing,~0 whitespace,BOFU,Guide,sermorelin-growth-hormone-peptides-marketing,#5 | #78 #73 #50 | #12,"sermorelin, tesamorelin, growth-hormone secretagogue, compliant copy"
80,5 Substance,P5 Substance,PT-141 Brand Marketing (Compliant Angles),pt-141 marketing,~0 whitespace,BOFU,Guide,pt-141-brand-marketing,#5 | #76 #82 #50 | #12,"PT-141, bremelanotide, research peptide, compliant copy, FDA"
81,5 Substance,P5 Substance,NAD+ & Longevity Peptide Brands: Email Strategy,nad+ marketing,~200 (est.),BOFU,Guide,nad-longevity-peptide-brands-email,#5 | #82 #64 #83 | #12,"NAD+, longevity, MOTS-c, research peptide, retention"
82,5 Substance,P5 Substance,GHK-Cu & Cosmetic Peptides: Marketing Compliantly,ghk-cu marketing,~0 whitespace,BOFU,Guide,ghk-cu-cosmetic-peptides-marketing,#5 | #80 #81 #50 | #12,"GHK-Cu, cosmetic peptide, copper peptide, structure/function, compliant copy"
83,5 Substance,P5 Substance,GLP-1 Weight-Loss Brand Growth: Email That Retains,glp-1 brand marketing,~0 whitespace,BOFU,Guide,glp1-weight-loss-brand-growth-email,#5 | #31 #54 #65 | #12,"GLP-1, semaglutide, tirzepatide, retention, subscription, compliant copy"
84,5 Substance,P5 Substance,Research Peptide Store Marketing: The Full Funnel,research peptide store marketing,~0 whitespace,BOFU,Guide,research-peptide-store-marketing-funnel,#5 | #50 #76 #87 | #12 Home,"research peptide, research use only, funnel, deliverability, compliant copy"
85,5 Substance,P5 Substance,How to Position a Peptide Brand Against Big Pharma Alternatives,peptide brand positioning,~0 whitespace,TOFU,Guide,position-peptide-brand-vs-big-pharma,#5 | #84 #73 #14 | #12,"positioning, compounded, branded drug, differentiation, trust"
86,5 Substance,P5/P4,Peptide Bundles & Protocols: Merchandising via Email,peptide bundles,~50 (est.),MOFU,Guide,peptide-bundles-protocols-email-merchandising,#5 #4 | #66 #78 #63 | #12,"bundle, protocol, stack, AOV, cross-sell"
87,5 Substance,P5/P1,Building an Email List for a New Peptide Brand (0 to 10k),build email list ecommerce,~200 (est.),BOFU,Guide,build-email-list-new-peptide-brand,#5 #1 | #84 #88 #97 | Home + Booking,"list building, opt-in, lead magnet, deliverability, segmentation"
88,5 Substance,P5/P7,Content-to-Email Funnel for Peptide Creators,creator email funnel,~0 whitespace,BOFU,Guide,content-to-email-funnel-peptide-creators,#5 #12 | #92 #87 #64 | #12 Home,"creator, influencer, voice-matched, funnel, opt-in, compliant copy"
89,6 Audience,P7 Audience,Email Marketing for Compounding Pharmacies,compounding pharmacy marketing,10,BOFU,Guide,email-marketing-compounding-pharmacies,#1 | #43 #90 #32 | Home + Booking,"compounding pharmacy, 503A, 503B, telehealth, B2B, compliant copy"
90,6 Audience,P7 Audience,Email Marketing for Telehealth & GLP-1 Clinics,telehealth email marketing,~0 whitespace,BOFU,Guide,email-marketing-telehealth-glp1-clinics,#1 | #89 #83 #65 | Home + Booking,"telehealth, GLP-1, patient retention, subscription, compliance"
91,6 Audience,P7 Audience,Email Marketing for Research Labs Selling Peptides,research lab marketing,~0 whitespace,BOFU,Guide,email-marketing-research-labs-peptides,#1 | #42 #84 #50 | Home + Booking,"research lab, research use only, COA, B2B, research peptide"
92,6 Audience,P7 Audience,Email Marketing for Peptide Influencers & Creators,influencer email marketing,~0 whitespace,BOFU,Guide,email-marketing-peptide-influencers-creators,#1 | #88 #90 #12 | Home + Booking,"influencer, creator, voice-matched, launch, compliant copy"
93,6 Audience,P7 Audience,B2B Email for Peptide Suppliers & Wholesalers,b2b peptide email,~0 whitespace,BOFU,Guide,b2b-email-peptide-suppliers-wholesalers,#1 | #91 #42 #33 | Home + Booking,"B2B, wholesale, supplier, COA, deliverability"
94,6 Audience,P6 Deliverability,"SPF, DKIM & DMARC Setup for Peptide Senders",dmarc setup,210,MOFU,How-to,spf-dkim-dmarc-setup-peptide-senders,#6 | #95 #97 #98 | #12,"SPF, DKIM, DMARC, BIMI, authentication, sender reputation"
95,6 Audience,P6 Deliverability,How to Warm Up a Sending Domain for High-Risk Email,email warm up,720,MOFU,How-to,warm-up-sending-domain-high-risk-email,#6 | #94 #96 #97 | #12,"domain warm-up, sender reputation, dedicated IP, throttling, deliverability"
96,6 Audience,P6 Deliverability,Dedicated IP vs Shared IP for Peptide Email,dedicated ip email,20,MOFU,Guide,dedicated-ip-vs-shared-ip-peptide-email,#6 | #95 #94 #97 | #12,"dedicated IP, shared IP, sender reputation, warm-up, deliverability"
97,6 Audience,P6 Deliverability,Sending Subdomains: Protecting Your Primary Domain,email sending subdomain,~50 (est.),MOFU,Guide,sending-subdomains-protect-primary-domain,#6 | #94 #96 #95 | #12,"sending subdomain, isolated subdomain, primary domain, DNS, reputation"
98,6 Audience,P6 Deliverability,Google & Yahoo Bulk Sender Rules for Supplement Brands,bulk sender requirements,~200 (est.),MOFU,Guide,google-yahoo-bulk-sender-rules-supplements,#6 | #94 #99 #72 | #12,"bulk sender, Google, Yahoo, DMARC, spam complaint rate, one-click unsubscribe"
99,6 Audience,P6 Deliverability,Fixing Deliverability After a Spam-Trap or Ban,improve email deliverability,~300 (est.),MOFU,Guide,fix-deliverability-after-spam-trap-ban,#6 | #95 #98 #72 | #12,"spam trap, blocklist, sender reputation, list hygiene, re-warm"
100,6 Audience,P2/P6/P1,Migrating Off Klaviyo to Sendlane or Self-Hosted Without Losing Your List,email platform migration,~100 (est.),BOFU,Guide,migrate-klaviyo-to-sendlane-self-hosted,#2 #6 #1 | #34 #9 #15 | Home + Booking,"migration, Klaviyo, Sendlane, self-hosted, list export, deliverability"
